data;Maxima;Media;Minima
01/01/2018;31.2;23.4;19.7
02/01/2018;28.9;22.1;19.5
03/01/2018;28.9;23.4;20.2
04/01/2018;31.5;25.2;20
05/01/2018;32.1;25;19
06/01/2018;30;24.5;21
07/01/2018;27.5;22.1;17.8
08/01/2018;23.9;21.2;19.1
09/01/2018;25.1;21.6;19.9
10/01/2018;30.9;24.2;18.5
11/01/2018;32.3;23.7;20.3
12/01/2018;29.3;22.2;18.8
13/01/2018;30.5;23.2;19.2
14/01/2018;27.5;22.5;18.6
15/01/2018;31.3;24.6;20
16/01/2018;30.1;23.4;20.2
17/01/2018;31.4;23.2;20.2
18/01/2018;32.9;25.1;20.6
19/01/2018;34;25.6;20
20/01/2018;34.9;26.2;20.2
21/01/2018;34.9;25.6;20.6
22/01/2018;35.7;26.6;21
23/01/2018;35.6;28.1;21.4
24/01/2018;34.6;26.6;21
25/01/2018;31;24.5;20.6
26/01/2018;31.7;24.5;20.4
27/01/2018;33.1;25.1;19.7
28/01/2018;33.3;24.3;20.5
29/01/2018;30.7;24.1;19.8
30/01/2018;27.2;23;20.6
31/01/2018;29.8;23.5;18.3
01/02/2018;31.2;23.5;16.9
02/02/2018;29.5;23.8;18.6
03/02/2018;32.2;24.6;18.1
04/02/2018;31.4;23.4;16.6
05/02/2018;30.1;23.3;16.9
06/02/2018;30.7;23.9;18.2
07/02/2018;31.7;24.4;16.9
08/02/2018;33.2;25.3;16.7
09/02/2018;35;26.5;18.2
10/02/2018;27.6;23.5;21.5
11/02/2018;33;25.1;20.7
12/02/2018;31.9;25.3;20.6
13/02/2018;30.8;24.5;20.7
14/02/2018;23.4;20.7;18.9
15/02/2018;23.8;20.7;19
16/02/2018;32;23.7;17.9
17/02/2018;31.3;22.9;17.6
18/02/2018;26.7;22.2;19.2
19/02/2018;29.6;23.1;19.3
20/02/2018;29.8;23.4;20.2
21/02/2018;30.4;24.6;19.7
22/02/2018;32.5;26.1;19.8
23/02/2018;32.6;25.7;19.7
24/02/2018;31.5;24.6;19.1
25/02/2018;31.3;24.2;17.5
26/02/2018;27.4;22.7;19.3
27/02/2018;27.5;23;20.7
28/02/2018;31.8;24.9;19.3
01/03/2018;33.2;25.6;21
02/03/2018;31.6;24;20.6
03/03/2018;32.4;24.3;20.1
04/03/2018;32.7;26.2;21.1
05/03/2018;33.5;26.4;21.1
06/03/2018;34.3;27;21.5
07/03/2018;32.4;25.5;21
08/03/2018;31.2;24.9;21
09/03/2018;31.6;24.9;19.2
10/03/2018;31.8;24.2;20.7
11/03/2018;32;25.2;20.4
12/03/2018;33.8;27.1;20.6
13/03/2018;33.7;26.9;22.3
14/03/2018;35.7;27.6;21.3
15/03/2018;32.4;26.1;20.5
16/03/2018;32;25.4;21.8
17/03/2018;31.9;24.7;20.2
18/03/2018;34;26;20.2
19/03/2018;34.4;27.4;21.3
20/03/2018;30.6;25.5;21.5
21/03/2018;32.8;24.9;19.9
22/03/2018;30.9;24.1;19.3
23/03/2018;33.6;25.5;19.5
24/03/2018;32.6;25.8;20.2
25/03/2018;32.4;26;21
26/03/2018;27.4;22.5;20.2
27/03/2018;29.5;23;18.5
28/03/2018;32.1;24.5;18.7
29/03/2018;32.2;24.4;18.1
30/03/2018;31.8;24.4;19.2
31/03/2018;28;23.5;20.2
01/04/2018;30.1;22.9;20
02/04/2018;29.2;23.4;20.5
03/04/2018;29.1;23.5;20.3
04/04/2018;29;22.7;19
05/04/2018;30;22.9;16.4
06/04/2018;30.1;22.4;16.2
07/04/2018;31.3;22.8;16.1
08/04/2018;32.1;23.3;17.3
09/04/2018;31.6;24.1;18.1
10/04/2018;31.6;23.8;18
11/04/2018;31.1;23.3;17.3
12/04/2018;29.5;22.6;16.4
13/04/2018;30.9;23.6;16.5
14/04/2018;30.9;23.4;18
15/04/2018;26.9;22.4;19.3
16/04/2018;28.2;21.5;16.7
17/04/2018;29.3;21.4;15.3
18/04/2018;30.3;21.5;14.6
19/04/2018;29.9;21.1;13.1
20/04/2018;29.7;21.6;13.9
21/04/2018;28.1;20.1;13.4
22/04/2018;31;21;12.5
23/04/2018;31.3;22.5;15.4
24/04/2018;30.6;22.2;14.8
25/04/2018;31.9;22.9;15.4
26/04/2018;31.9;23.2;15.7
27/04/2018;33.1;23.8;16.7
28/04/2018;32.2;23.6;16.6
29/04/2018;32.3;23.9;16.8
30/04/2018;31.7;24.5;18.3
01/05/2018;32.4;23.6;15.7
02/05/2018;32.2;23.5;17
03/05/2018;31.9;23.2;15.3
04/05/2018;33.2;23.3;14.2
05/05/2018;33.8;25;17.8
06/05/2018;32.7;24.3;19.5
07/05/2018;30.7;22.3;15.9
08/05/2018;29.6;22.1;15.5
09/05/2018;29.9;21.6;14.9
10/05/2018;30.7;21.8;13.9
11/05/2018;31.1;22.4;14.7
12/05/2018;29.4;22.7;16.3
13/05/2018;28;21.7;15.8
14/05/2018;31.2;21.4;13.4
15/05/2018;28.7;22.7;18.2
16/05/2018;30.6;21.3;16.8
17/05/2018;29.5;21.7;16.8
18/05/2018;32;23.5;17.9
19/05/2018;23.6;19.7;16.4
20/05/2018;20.8;14.7;9.3
21/05/2018;23.2;14;5.5
22/05/2018;25.3;15.6;6.7
23/05/2018;26.3;16.4;7.1
24/05/2018;27.6;18.2;11.4
25/05/2018;27.7;19.4;13.4
26/05/2018;28.2;19.4;12.5
27/05/2018;28.4;19.4;12.3
28/05/2018;28.1;18.9;10.2
29/05/2018;27.4;18.6;10.9
30/05/2018;27.8;18.9;10.7
31/05/2018;27.7;19;10.7
01/06/2018;29.4;19.2;10.7
02/06/2018;29.9;21.3;14.7
03/06/2018;27.7;21.7;17.4
04/06/2018;24.7;17.8;13.4
05/06/2018;26.7;19.2;13.9
06/06/2018;26.5;20.1;15.7
07/06/2018;27.4;20.7;16.3
08/06/2018;21;17.5;15.3
09/06/2018;28.4;17.7;9.9
10/06/2018;32.4;21.7;14.1
11/06/2018;32.2;24.2;18.8
12/06/2018;32.4;24.3;17.4
13/06/2018;28.8;22.7;18.5
14/06/2018;27.8;21.6;17.6
15/06/2018;27.1;19.3;13.1
16/06/2018;24.5;17.8;12.5
17/06/2018;27.4;18.4;11.2
18/06/2018;27;18.7;12.7
19/06/2018;28.4;19.8;13.1
20/06/2018;28.5;20;12.7
21/06/2018;29;20;11.8
22/06/2018;29;19.6;12.4
23/06/2018;31.9;23.3;15.4
24/06/2018;31.8;23.9;19.3
25/06/2018;31.2;22.5;13.8
26/06/2018;31.9;21.4;11.7
27/06/2018;31.5;21.1;12.1
28/06/2018;30.7;21.3;13.3
29/06/2018;29.8;21.2;14.1
30/06/2018;30.1;20.8;12.3
01/07/2018;30.2;20.7;12.2
02/07/2018;31.1;21.8;13.2
03/07/2018;30.4;21.5;12
04/07/2018;30.6;20.5;12.4
05/07/2018;31.5;21.4;13.2
06/07/2018;30.5;21;12.1
07/07/2018;29.6;21;12.4
08/07/2018;30.4;20.4;11.1
09/07/2018;29.2;20.5;12.6
10/07/2018;21.8;16.8;13.5
11/07/2018;21.6;13.1;6.1
12/07/2018;22.9;13.2;5.9
13/07/2018;27.5;15.9;6.4
14/07/2018;30.5;20.2;9.6
15/07/2018;32.5;21.3;10.5
16/07/2018;31.2;21.7;12.7
17/07/2018;30.5;20.9;11.3
18/07/2018;31.6;21.2;11.9
19/07/2018;31;22.7;15.4
20/07/2018;31.4;21.9;12.9
21/07/2018;30.3;21.1;11.3
22/07/2018;30.2;21;12.6
23/07/2018;30.1;21.1;13.7
24/07/2018;29.1;20.3;12.1
25/07/2018;28.9;19.9;11.6
26/07/2018;29.6;20.4;12.1
27/07/2018;30.7;21;11.4
28/07/2018;31.9;22.2;13.1
29/07/2018;32.7;22.9;12.7
30/07/2018;33.2;23.5;14.1
31/07/2018;27.4;20.7;16.4
01/08/2018;22.5;17.1;13.8
02/08/2018;26.6;18.7;13.3
03/08/2018;20.4;16.5;14.6
04/08/2018;23.4;18.1;15
05/08/2018;23.9;18.8;16.5
06/08/2018;18.1;15.9;15.1
07/08/2018;23.4;16.6;12.1
08/08/2018;26.5;17.3;11.8
09/08/2018;25.9;19.4;15.3
10/08/2018;22.5;15.2;8.2
11/08/2018;23.9;15.2;6.7
12/08/2018;26.3;15.6;6.1
13/08/2018;28.4;17.1;8.2
14/08/2018;30.2;18.9;10.1
15/08/2018;29.2;19.1;9.9
16/08/2018;26.2;18.7;14.5
17/08/2018;27.4;19.3;13.4
18/08/2018;28.9;19.2;11.2
19/08/2018;30.8;21.2;12.7
20/08/2018;32;22.4;12.7
21/08/2018;32.3;22.9;13.6
22/08/2018;27.6;19.7;14.1
23/08/2018;32.1;22.1;15.2
24/08/2018;31.8;20.3;16.7
25/08/2018;24.3;20.3;17.3
26/08/2018;26.1;19.2;13.7
27/08/2018;27.4;17.2;9.8
28/08/2018;30;19.9;12.2
29/08/2018;31;22.1;13.7
30/08/2018;32;23.5;14.8
31/08/2018;33.4;24.2;14.7
01/09/2018;34.5;25.2;16.4
02/09/2018;35.8;25.2;17
03/09/2018;22.8;16.6;14.7
04/09/2018;22.7;15.9;10.9
05/09/2018;24.2;15.7;8.6
06/09/2018;29.7;18.3;8.4
07/09/2018;32.2;20.9;10.7
08/09/2018;33.2;22.7;13.3
09/09/2018;32.9;22.4;12.8
10/09/2018;32.5;21.3;11.8
11/09/2018;31.9;21.9;14
12/09/2018;31.9;21.9;13.1
13/09/2018;34.4;23;13.8
14/09/2018;26.4;18.8;15.9
15/09/2018;25.8;20.4;17.2
16/09/2018;28.3;20.9;15.3
17/09/2018;22.4;18.4;15.6
18/09/2018;26.7;21.3;15.7
19/09/2018;31.8;24.2;17.2
20/09/2018;26.8;19.8;16.7
21/09/2018;28.9;21.1;15.4
22/09/2018;32;23.8;16.7
23/09/2018;33.9;24.6;15.7
24/09/2018;36.3;26.1;16.3
25/09/2018;36.2;25.8;16.4
26/09/2018;34.8;26.1;19.3
27/09/2018;27.5;23.3;20.8
28/09/2018;29.2;22.8;19.7
29/09/2018;32.5;24.6;17.9
30/09/2018;26.2;21.8;19.6
01/10/2018;31.4;24.1;19.3
02/10/2018;33.9;26.4;19.5
03/10/2018;35.2;27;20.4
04/10/2018;31.8;24.4;19.1
05/10/2018;30.6;23.2;17.8
06/10/2018;29.5;21;15.1
07/10/2018;28;21.5;16.9
08/10/2018;24.9;21.8;19.6
09/10/2018;30.5;23.8;18.9
10/10/2018;31.6;24.3;20.3
11/10/2018;27.4;22.9;20
12/10/2018;33.8;24.8;17.7
13/10/2018;32.6;25.7;21.3
14/10/2018;30.4;24.5;20.5
15/10/2018;30.2;23.2;18.9
16/10/2018;31.6;24.5;19.2
17/10/2018;30.7;25.7;22.1
18/10/2018;34;25.9;19.3
19/10/2018;29.8;23.1;19.5
20/10/2018;27.4;21.4;16.2
21/10/2018;29.8;20.8;12.2
22/10/2018;32.7;23;13.9
23/10/2018;34.3;25.9;18.4
24/10/2018;26.6;21.4;19.1
25/10/2018;24.3;21.4;20
26/10/2018;29;22.6;20.4
27/10/2018;27.6;23.3;21.2
28/10/2018;28.6;22.6;17.4
29/10/2018;28.9;20.3;12.8
30/10/2018;32.7;23.7;15.3
31/10/2018;34.1;25.5;18.1
01/11/2018;31.1;24.8;19.7
02/11/2018;32.8;25.3;19.1
03/11/2018;35;26.7;19.1
04/11/2018;28.9;23.4;19
05/11/2018;29;22.2;16.9
06/11/2018;32.3;23.3;16.9
07/11/2018;23.8;21.1;18.7
08/11/2018;22.7;19.1;16.5
09/11/2018;23.7;19.8;16.2
10/11/2018;28.5;22;18.5
11/11/2018;32;24.7;19.8
12/11/2018;34.3;26.4;19.4
13/11/2018;35.3;27.4;20.7
14/11/2018;34.7;27.1;21
15/11/2018;34.3;27;20.9
16/11/2018;34.3;26;20.2
17/11/2018;32;24.3;17.8
18/11/2018;31.6;25;22.3
19/11/2018;23.8;21.1;21.4
20/11/2018;26.1;20.6;16.8
21/11/2018;28.4;22.1;16.9
22/11/2018;30.4;24;18.9
23/11/2018;26.1;22.3;19.9
24/11/2018;28.5;22.6;19.2
25/11/2018;30.6;24.2;20.3
26/11/2018;30;23.5;19
27/11/2018;31.7;23.6;15.7
28/11/2018;32.7;25;17.6
29/11/2018;33;25.8;18.5
30/11/2018;33.1;25.8;22
01/12/2018;28.5;22.8;21.2
02/12/2018;30.8;24.5;20
03/12/2018;30;23.8;17.8
04/12/2018;32.9;24.6;16.7
05/12/2018;33.6;26.4;19.1
06/12/2018;34.2;26.9;17.9
07/12/2018;32.8;25.2;18.7
08/12/2018;28.1;21.7;16.4
09/12/2018;31.7;22.1;12.8
10/12/2018;33.4;25.1;17.7
11/12/2018;34.1;26.5;18.7
12/12/2018;35.3;26.7;18.6
13/12/2018;35.5;27;20
14/12/2018;35.5;25.9;19.1
15/12/2018;35.2;25.1;20.7
16/12/2018;35.6;27.1;19.5
17/12/2018;36.5;27.8;22.1
18/12/2018;35;27.8;21.5
19/12/2018;32.4;26.5;22.4
20/12/2018;36.9;28;20.6
21/12/2018;35.6;26.8;21
22/12/2018;35.3;26.3;20.5
23/12/2018;31.6;24.6;21.1
24/12/2018;31.1;23.9;21.3
25/12/2018;29.2;23.5;20.3
26/12/2018;29;23.9;20.9
27/12/2018;32.4;25.4;21.7
28/12/2018;32.4;24.9;19.5
29/12/2018;32.6;25.4;20.2
30/12/2018;33.1;25.9;20.7
31/12/2018;34.1;27;20.9
01/01/2019;32.8;25.3;20.3
02/01/2019;33.7;27;21.5
03/01/2019;33.9;26.9;21.9
04/01/2019;30.9;24.6;21.1
05/01/2019;27.2;22.9;20.4
06/01/2019;30.7;24;20.5
07/01/2019;34.1;26.5;19.8
08/01/2019;34.6;27.6;20.8
09/01/2019;35;27.7;21.2
10/01/2019;33.6;27.8;22.4
11/01/2019;34.1;27;20.9
12/01/2019;33.4;24.8;19.6
13/01/2019;31.9;24.5;19.3
14/01/2019;34.8;27.3;21.2
15/01/2019;34.3;27.1;22.2
16/01/2019;35.1;26;21.5
17/01/2019;32.9;25.1;19.5
18/01/2019;34;27.1;21.1
19/01/2019;35.1;25.9;21
20/01/2019;34.8;26.4;20.5
21/01/2019;35.6;28;21.5
22/01/2019;36.1;29.1;21.6
23/01/2019;36.8;28.1;22
24/01/2019;34.7;25.1;21.4
25/01/2019;33.4;24.4;19.9
26/01/2019;31.5;23.4;17.9
27/01/2019;31;23.4;18.4
28/01/2019;34.6;26.7;19.6
29/01/2019;36.1;27.7;20.1
30/01/2019;36.6;28;20.6
31/01/2019;36.7;28;21
01/02/2019;37;28.7;20.7
02/02/2019;37;28.6;21.9
03/02/2019;36.8;28.8;22.5
04/02/2019;30.1;23.9;20.2
05/02/2019;28.7;22.6;16.6
06/02/2019;27.5;22.6;19.5
07/02/2019;30.8;22.4;16.7
08/02/2019;34.4;25.4;17.5
09/02/2019;36.6;26.9;17.8
10/02/2019;36.7;27.5;20.5
11/02/2019;35.5;27.9;21.7
12/02/2019;30.6;24.6;20.7
13/02/2019;28.1;23.5;20.8
14/02/2019;30.4;23.7;18.2
15/02/2019;28;23.5;21
16/02/2019;33.4;25.5;21.5
17/02/2019;32.8;25.2;19.7
18/02/2019;33.65;26.35;21.4
19/02/2019;33.95;25.7;21.15
20/02/2019;33.35;25.9;20.75
21/02/2019;30.45;24.9;20.45
22/02/2019;32.2;25.3;18.85
23/02/2019;33.7;25.65;19.6
24/02/2019;33.1;24.75;19.9
25/02/2019;32.8;24.4;18.9
26/02/2019;32.75;24.3;18.05
27/02/2019;32;24.05;18.7
28/02/2019;32.85;25.3;18.75
01/03/2019;33.05;25.3;18.5
02/03/2019;33.95;25.5;18.2
03/03/2019;34.1;25.7;18.6
04/03/2019;34.05;25.95;18.9
05/03/2019;34.35;26.15;19.3
06/03/2019;34;26.6;20.6
07/03/2019;31.15;24.6;19.4
08/03/2019;30.25;24.1;19.2
09/03/2019;30.5;23.9;20.35
10/03/2019;31;23.55;19.2
11/03/2019;30.8;23.9;18.9
12/03/2019;31.4;24.05;17.6
13/03/2019;32.7;24.5;18.8
14/03/2019;33.35;25.15;18.8
15/03/2019;30.4;24.2;20.2
16/03/2019;31.7;25;21.5
17/03/2019;32.7;25.3;19.9
18/03/2019;33.3;25.6;21.7
19/03/2019;32.8;25.5;21.3
20/03/2019;31.9;25.4;21
21/03/2019;25.3;21.8;19.4
22/03/2019;28.3;21.5;16.1
23/03/2019;30.6;23.2;17.2
24/03/2019;31.5;24.4;18.4
25/03/2019;32.2;24.4;17.9
26/03/2019;34;25.2;18.2
27/03/2019;33;24.7;19
28/03/2019;31.1;23.9;17.9
29/03/2019;30;22.9;16.9
30/03/2019;31.3;23;15.8
31/03/2019;31.5;23.4;16.2
01/04/2019;31.1;23.2;17.1
02/04/2019;31.7;23.7;16.7
03/04/2019;31.2;24.4;18.7
04/04/2019;32.2;25.3;18.6
05/04/2019;31.8;25.6;21.8
06/04/2019;33.5;25.2;21.2
07/04/2019;31.2;24.7;21.7
08/04/2019;27.2;22.4;20.3
09/04/2019;26.2;21.2;17.4
10/04/2019;28.7;21.5;17.1
11/04/2019;31.2;22.4;15.9
12/04/2019;31.6;23.9;17.9
13/04/2019;30.5;23.2;18.9
14/04/2019;24.5;21.4;19.8
15/04/2019;29.6;22.6;17.3
16/04/2019;31.1;24.5;19.6
17/04/2019;30.9;24;19.6
18/04/2019;30.1;22.8;16.1
19/04/2019;28.9;20.6;13.1
20/04/2019;31.2;21.9;14.3
21/04/2019;32.2;23.1;16.1
22/04/2019;31.9;23.6;16.2
23/04/2019;29.7;23.8;20.8
24/04/2019;32.8;24.4;18.9
25/04/2019;33.1;25.5;20
26/04/2019;31.9;25.1;20
27/04/2019;33.1;25;19.4
28/04/2019;31.7;24.1;19
29/04/2019;28.6;22.5;18.9
30/04/2019;29.5;21.2;14.5
01/05/2019;29.4;22.1;16.9
02/05/2019;30.4;23.4;19.1
03/05/2019;31.8;24.9;19.2
04/05/2019;29.7;24.8;20.3
05/05/2019;31.5;24.2;18.4
06/05/2019;31.3;24.6;19.2
07/05/2019;31.6;23.7;18.6
08/05/2019;29.3;22.7;17.2
09/05/2019;31;22.3;15.5
10/05/2019;31.4;23.2;17.7
11/05/2019;30.8;22.7;19.8
12/05/2019;30.5;24.2;19.6
13/05/2019;30.9;24.2;19.2
14/05/2019;27.6;22.7;19.8
15/05/2019;25.8;19.4;15
16/05/2019;25.6;20;15.8
17/05/2019;25.4;18.5;15.5
18/05/2019;25.9;19.4;16.2
19/05/2019;24.6;18.7;15.4
20/05/2019;26;18.9;12.1
21/05/2019;27.2;19.5;12.5
22/05/2019;27.9;18.9;11.4
23/05/2019;29.4;20.3;12.6
24/05/2019;23.2;18.2;16.6
25/05/2019;21.6;15.1;8.8
26/05/2019;25.6;15.8;7.9
27/05/2019;29.3;17.5;9.2
28/05/2019;31;20.2;11
29/05/2019;30;22.4;15.3
30/05/2019;31.5;23.4;16.6
31/05/2019;30.5;22.8;16.1
01/06/2019;30;22.5;15
02/06/2019;28.6;21;15.7
03/06/2019;22.2;18.5;16.7
04/06/2019;22.2;17;14.8
05/06/2019;23.1;14.9;8.2
06/06/2019;25.2;16.6;10.6
07/06/2019;27;17.7;10.5
08/06/2019;26.3;16.9;10.3
09/06/2019;26;16.9;9.8
10/06/2019;26.6;17.8;10.8
11/06/2019;28.5;18.8;11.2
12/06/2019;28.8;20.1;13
13/06/2019;30.4;21.2;13.8
14/06/2019;30.5;22.4;16.3
15/06/2019;29.8;20.8;14.4
16/06/2019;29.1;20.1;12.4
17/06/2019;27.9;19.1;12.8
18/06/2019;29;19.5;11.4
19/06/2019;28.3;19.9;12
20/06/2019;29.1;20;12.1
21/06/2019;28.7;19.6;13.7
22/06/2019;27.7;19.1;12.3
23/06/2019;28.2;20.1;12.9
24/06/2019;28.8;19.1;11.5
25/06/2019;30.6;21.1;12
26/06/2019;30.8;23.4;15.7
27/06/2019;27.7;21.5;16.6
28/06/2019;31.9;22.4;15.5
29/06/2019;30.7;22.3;15.2
30/06/2019;30.5;21.7;13.6
01/07/2019;30.7;21.4;12.7
02/07/2019;30.1;20.8;13.2
03/07/2019;31.1;21.9;15.3
04/07/2019;27.3;20.9;17.4
05/07/2019;20.7;17;16
06/07/2019;15.4;10.6;5.4
07/07/2019;19.5;9.5;1.9
08/07/2019;22.8;12.2;4
09/07/2019;25.6;14.4;6.7
10/07/2019;25.8;15.4;6.9
11/07/2019;24.5;15.4;6.9
12/07/2019;26.5;16.9;7.8
13/07/2019;29.1;18.3;9.4
14/07/2019;30.4;20.1;9.9
15/07/2019;30.9;21;14
16/07/2019;24;18.1;14.2
17/07/2019;22.7;13.7;5.7
18/07/2019;25.3;14.8;7
19/07/2019;26.8;17.2;9.4
20/07/2019;26.4;18.1;11.2
21/07/2019;27.7;18.9;11.9
22/07/2019;27.2;19.7;13.8
23/07/2019;29.4;20.7;12.6
24/07/2019;30.2;20.5;12.7
25/07/2019;30.9;21.4;13.6
26/07/2019;30.3;21.3;13.7
27/07/2019;29.9;20.9;12.7
28/07/2019;29.2;19.5;11.5
29/07/2019;29.1;19.9;13.7
30/07/2019;29.6;20.3;12.2
31/07/2019;28.9;19.9;10.7
01/08/2019;32.3;20.8;11.3
02/08/2019;32.8;23.5;15.1
03/08/2019;26;16;13.1
04/08/2019;14.5;12.1;11.5
05/08/2019;21.1;14.5;9.7
06/08/2019;25.3;17.5;12.2
07/08/2019;30;21.6;14.2
08/08/2019;30.5;22.5;15.4
09/08/2019;32;22.8;14.8
10/08/2019;32.8;23.7;15.5
11/08/2019;33.2;22.8;13.3
12/08/2019;34.4;24.2;15
13/08/2019;33.4;24;16.1
14/08/2019;25.1;17.7;14.1
15/08/2019;27.9;17.4;9.2
16/08/2019;28.4;19;9.7
17/08/2019;30.8;21.2;12.1
18/08/2019;33.1;22.8;13.5
19/08/2019;26.4;19.6;15.1
20/08/2019;27.3;18.8;13.3
21/08/2019;28;19.2;12.3
22/08/2019;27.8;18.6;11.3
23/08/2019;26.1;17.9;10.9
24/08/2019;27.7;18;10.1
25/08/2019;29.9;18.9;10.1
26/08/2019;32.2;20.6;10.6
27/08/2019;31;21.3;12.7
28/08/2019;31.3;22.4;15.1
29/08/2019;31.2;21.9;13.7
30/08/2019;33.5;23.9;14.5
31/08/2019;36.7;26;16.2
01/09/2019;30.6;21;17.3
02/09/2019;28.1;21.3;16.4
03/09/2019;28.3;21.9;17.3
04/09/2019;31.8;22.8;18.1
05/09/2019;28.4;19.6;14.8
06/09/2019;32;21.1;14.2
07/09/2019;34;24.1;16.1
08/09/2019;35.1;26.7;18.5
09/09/2019;35.3;26.5;18.3
10/09/2019;37.3;27.5;18.7
11/09/2019;37.9;28.6;18.8
12/09/2019;37.7;28.5;18.4
13/09/2019;34.4;25.6;19.1
14/09/2019;35.6;24;15.7
15/09/2019;37.1;27;17.7
16/09/2019;36.8;27.8;18.5
17/09/2019;37.4;28;18.5
18/09/2019;38.8;28.2;17.5
19/09/2019;36.4;26.8;17.7
20/09/2019;32.4;24.9;20.2
21/09/2019;32.5;24.4;19.5
22/09/2019;31.4;21.9;16.3
23/09/2019;29.8;20.4;14.8
24/09/2019;32.7;21.8;13.4
25/09/2019;24.4;18.1;16.6
26/09/2019;21.9;18.7;16.3
27/09/2019;27.8;20.4;15
28/09/2019;28.8;20.5;12.3
29/09/2019;31.2;20.9;11.8
30/09/2019;33.5;23.9;14.9
01/10/2019;36.4;25.7;14.9
02/10/2019;37.2;27.9;18.1
03/10/2019;37.2;28.8;22.3
04/10/2019;35.4;24.4;13.6
05/10/2019;36.7;27.1;16.9
06/10/2019;36.8;24.2;17.9
07/10/2019;30.2;22;17
08/10/2019;27;21.1;17.5
09/10/2019;31.1;22.9;18.4
10/10/2019;33.3;24;16.6
11/10/2019;35.3;26.4;18.4
12/10/2019;36.9;27.9;19.5
13/10/2019;36.2;27.3;19.9
14/10/2019;37.3;28.8;21.6
15/10/2019;33.2;25.5;20.9
16/10/2019;35.6;25.7;17.4
17/10/2019;37;27.4;18.3
18/10/2019;36.9;28.2;20.3
19/10/2019;34.1;26.3;18.7
20/10/2019;31.7;24.2;18
21/10/2019;25;18.9;14.3
22/10/2019;26.2;19.8;16.3
23/10/2019;32.2;23.2;16.3
24/10/2019;34.2;25.5;16.6
25/10/2019;36.1;27.4;18.5
26/10/2019;37;27.5;19.4
27/10/2019;37.4;27.6;19.6
28/10/2019;29.5;23.4;17.3
29/10/2019;34.1;26;19.5
30/10/2019;34.5;26.4;18.8
31/10/2019;33.9;26.5;19.2
01/11/2019;34.5;26.8;20.6
02/11/2019;34.6;26.9;18.9
03/11/2019;37.3;29.4;20.5
04/11/2019;37.3;28.3;21.2
05/11/2019;35.4;28;22.6
06/11/2019;27.5;23.6;20.5
07/11/2019;31;23.9;18.4
08/11/2019;29.4;23.5;20.3
09/11/2019;30.4;23.9;20.5
10/11/2019;26.1;23.1;20.3
11/11/2019;31.3;24.5;20.3
12/11/2019;33.8;24.9;18.9
13/11/2019;32.6;25;18.6
14/11/2019;31.3;23.8;19.4
15/11/2019;27.8;23.3;21.2
16/11/2019;30.5;23.6;17.6
17/11/2019;31;23.3;15.4
18/11/2019;33.9;24.2;14.4
19/11/2019;34.4;25.2;16.9
20/11/2019;34;24.7;18.1
21/11/2019;34.4;26.1;18.3
22/11/2019;34.8;25.4;20.2
23/11/2019;35.1;26;19.4
24/11/2019;27.9;22.1;18.6
25/11/2019;32.6;22.9;14.9
26/11/2019;36.4;26;17
27/11/2019;35.6;25;22.8
28/11/2019;27.6;22.5;20.2
29/11/2019;30.4;22.9;16.6
30/11/2019;30.5;24.5;20.6
01/12/2019;30.1;24.4;20.7
02/12/2019;30;24.1;19.4
03/12/2019;30.9;22.7;16.4
04/12/2019;32;25.1;19.9
05/12/2019;30;23.8;21.5
06/12/2019;28.8;23.8;21.6
07/12/2019;31.1;25;20.8
08/12/2019;32.5;24.7;16.5
09/12/2019;31.2;24.9;21
10/12/2019;28.3;24;21.3
11/12/2019;25.3;22.6;21.4
12/12/2019;30.3;23.3;19.3
13/12/2019;33;24.9;20.4
14/12/2019;31.2;24.3;20.2
15/12/2019;31.5;24.9;19.5
16/12/2019;33;26.7;21
17/12/2019;31.4;24.7;19.7
18/12/2019;28.5;22.9;19.8
19/12/2019;31.1;23.7;19.6
20/12/2019;29.5;24.4;21.1
21/12/2019;30.8;23.6;20.1
22/12/2019;27.1;22.5;19.5
23/12/2019;26.5;22.5;20.8
24/12/2019;31.7;24.2;18.9
25/12/2019;33.2;25.5;18.5
26/12/2019;34.9;26.2;19.6
27/12/2019;34.9;25.7;18.6
28/12/2019;34.5;26.9;20.2
29/12/2019;34.7;27.3;21.2
30/12/2019;34.6;26.5;19.3
31/12/2019;34.9;26.8;19.7
01/01/2020;34.2;25.5;20.7
02/01/2020;31.8;24.9;20.1
03/01/2020;27.7;23.1;19.9
04/01/2020;30.2;24.2;19.4
05/01/2020;31.9;23;19.8
06/01/2020;32.3;24.3;18.1
07/01/2020;33.3;25.4;20.7
08/01/2020;32.1;24.8;21.1
09/01/2020;31.6;25.2;22.1
10/01/2020;32.6;25.6;21.6
11/01/2020;31.2;25.8;22.2
12/01/2020;33.8;25.7;22.6
13/01/2020;29.6;24.2;21
14/01/2020;30.3;24.9;20.1
15/01/2020;34.7;26.7;19.7
16/01/2020;35.4;27.2;21.6
17/01/2020;28.7;24;21.7
18/01/2020;31.3;24.1;18
19/01/2020;32;25;18.7
20/01/2020;32.8;26;20.2
21/01/2020;31.7;24.7;17.9
22/01/2020;31.7;23.8;18.2
23/01/2020;24;21.2;19.9
24/01/2020;29;23.4;18.8
25/01/2020;29.8;23.1;16.7
26/01/2020;31.9;24.9;17.4
27/01/2020;33.3;25.5;16.4
28/01/2020;33.5;25.6;17.3
29/01/2020;31.1;25.1;21.6
30/01/2020;31.4;24.2;21.3
31/01/2020;30.1;24;20.7
01/02/2020;30.3;23.9;21.5
02/02/2020;30.7;24.7;21.6
03/02/2020;30;23.5;21.1
04/02/2020;30.1;23.6;20.4
05/02/2020;30;24.1;21
06/02/2020;29.4;24.3;19.8
07/02/2020;28.1;21.8;19.6
08/02/2020;31.1;24;19.4
09/02/2020;28.3;23.9;20.8
10/02/2020;28;23.1;21.5
11/02/2020;24.7;21.3;18.7
12/02/2020;25.4;21.2;17.9
13/02/2020;28.7;22.1;16.6
14/02/2020;31.5;23.9;17
15/02/2020;33.2;25.7;18.7
16/02/2020;34;26.3;20.5
17/02/2020;32.9;26.4;20.6
18/02/2020;33.3;26.5;20.4
19/02/2020;31.9;26;21.7
20/02/2020;32.5;25.1;21.6
21/02/2020;26.6;23.5;22.2
22/02/2020;30.5;24.2;20.7
23/02/2020;29.7;23.3;18.9
24/02/2020;27.8;23.1;19.5
25/02/2020;32.9;24.9;21.7
26/02/2020;28.8;22.8;21.7
27/02/2020;27.1;22.4;18.1
28/02/2020;27.5;20.9;16.5
29/02/2020;28.2;21.9;17.5
01/03/2020;27.9;22.3;18.3
02/03/2020;29.2;22.3;16.9
03/03/2020;28.8;21.7;16.2
04/03/2020;30.8;22.5;15.5
05/03/2020;30.4;22.8;16.4
06/03/2020;29.3;21.8;15
07/03/2020;29.5;22;14.7
08/03/2020;31.4;23.2;15.9
09/03/2020;31.9;23.4;16.3
10/03/2020;33.6;24.9;18.1
11/03/2020;33.8;25.5;18.5
12/03/2020;34.3;26;18.9
13/03/2020;34.7;25.6;18.1
14/03/2020;35.1;25.8;18.4
15/03/2020;33;25.7;19.4
16/03/2020;33.7;25.1;18.8
17/03/2020;33.8;25.6;20
18/03/2020;34.1;24.9;20.1
19/03/2020;30.4;23.2;19.5
20/03/2020;29.7;24.4;21.2
21/03/2020;29.4;23.4;20.4
22/03/2020;30.4;22.9;17.1
23/03/2020;30.4;22.4;15.3
24/03/2020;30.4;22;14.8
25/03/2020;30;21.8;14.7
26/03/2020;30.6;21.6;14.8
27/03/2020;30.9;22.3;15.9
28/03/2020;32.6;23.3;16.6
29/03/2020;28.5;22;20.3
30/03/2020;29.7;23.2;19.1
31/03/2020;31.4;24.1;18.5
01/04/2020;31.9;24.5;18.7
02/04/2020;33;25.2;18.5
03/04/2020;31.9;25.3;20.3
04/04/2020;29.7;22.1;14.4
05/04/2020;31.3;22.4;14.6
06/04/2020;33.1;24.5;16.7
07/04/2020;27.2;22.8;19.1
08/04/2020;28.6;22.4;17.6
09/04/2020;27.2;20.1;14.1
10/04/2020;28.8;19.9;12.6
11/04/2020;28.8;20.6;13.4
12/04/2020;29.2;20.7;13.9
13/04/2020;30.1;21.6;14.6
14/04/2020;23;18.8;16.5
15/04/2020;26.4;20.3;16.4
16/04/2020;27.5;19.9;12.3
17/04/2020;28.7;20.3;12.8
18/04/2020;28.3;20;12.9
19/04/2020;28.2;20.3;14.1
20/04/2020;29.5;21.1;14.9
21/04/2020;30;21.2;14.1
22/04/2020;29.1;20.7;13.1
23/04/2020;28.9;20.1;12.4
24/04/2020;30.8;21.1;13.5
25/04/2020;30.5;23.3;17.1
26/04/2020;30.4;22.6;15.3
27/04/2020;29.7;21.2;14.9
28/04/2020;28.4;20.5;13.7
29/04/2020;28.6;20.3;12.6
30/04/2020;29.4;20.8;12.8
01/05/2020;30.2;21.8;13.2
02/05/2020;30.9;21.7;13.1
03/05/2020;27.5;20.5;15.2
04/05/2020;27.1;18.1;10.8
05/05/2020;29.8;18.7;9.9
06/05/2020;30.7;22;14.9
07/05/2020;24.5;19.1;15.5
08/05/2020;25.5;16.5;9.1
09/05/2020;28;18.2;10.1
10/05/2020;27.7;19.2;10.8
11/05/2020;28.2;19.5;11.5
12/05/2020;28.6;20;11.9
13/05/2020;26.6;19;14.3
14/05/2020;25.5;19.4;15.9
15/05/2020;24.2;18.8;14.3
16/05/2020;26.3;18.6;12.3
17/05/2020;27.9;18.4;10.3
18/05/2020;29.4;18.6;9.5
19/05/2020;28.9;19.5;11
20/05/2020;28.5;21.3;15.5
21/05/2020;29.6;21.5;14.5
22/05/2020;31;22.2;14.7
23/05/2020;23.3;18;18.2
24/05/2020;16;13.4;11.6
25/05/2020;20.4;14.5;9.8
26/05/2020;22;14.4;7.2
27/05/2020;24.3;14.6;5.5
28/05/2020;25.5;14.2;4.8
29/05/2020;27.7;16.8;7.7
30/05/2020;27.6;17.7;8.8
31/05/2020;26.4;17.3;8.6
01/06/2020;28;17.9;8.8
02/06/2020;22.6;17.1;11.8
03/06/2020;24.3;18.6;14.9
04/06/2020;27.7;20.6;16
05/06/2020;28.8;21.6;16.4
06/06/2020;29.2;22.3;18.4
07/06/2020;25.2;20.6;16.8
08/06/2020;30.1;21.5;15.2
09/06/2020;30.8;21.3;16.6
10/06/2020;31.2;22.8;17.1
11/06/2020;31.1;22.9;15.3
12/06/2020;31.7;22.3;14.8
13/06/2020;30.9;22.3;14.4
14/06/2020;28.5;20.3;14
15/06/2020;28.4;19.4;12.7
16/06/2020;28.6;19.5;12.9
17/06/2020;27.8;19.5;12.6
18/06/2020;27.6;20;12.6
19/06/2020;28.1;20;12.7
20/06/2020;30.5;20.6;12
21/06/2020;29.7;21.9;15.4
22/06/2020;30.2;21.3;14.7
23/06/2020;27.7;19.1;12.3
24/06/2020;29.3;19.5;11.7
25/06/2020;31.6;21.5;13.6
26/06/2020;25.2;20.6;18
27/06/2020;19.6;16.7;13.8
28/06/2020;23.7;16.7;12.8
29/06/2020;27;17.8;10.7
30/06/2020;28.5;21;14.3
01/07/2020;21.9;18.3;14.8
02/07/2020;21.5;13.6;5.3
03/07/2020;21.9;15.4;8.8
04/07/2020;27.7;16.1;7.4
05/07/2020;31.3;21.1;11.9
06/07/2020;30.8;21.8;14.6
07/07/2020;30.4;21.5;13.8
08/07/2020;29.9;20.9;13.5
09/07/2020;23.7;19.1;15.9
10/07/2020;28.4;17.7;9.2
11/07/2020;30.5;21.5;14
12/07/2020;31.3;21.5;12.9
13/07/2020;30.6;22.1;13.9
14/07/2020;29.3;21.4;14.9
15/07/2020;27.1;19.3;13.1
16/07/2020;29.7;19.2;11.2
17/07/2020;30;21.6;14.5
18/07/2020;29.8;21.1;14
19/07/2020;27.3;20.1;13.5
20/07/2020;29.2;19.9;11.7
21/07/2020;29.6;20.5;11.6
22/07/2020;30.2;20.6;11.6
23/07/2020;30.4;21.2;12.3
24/07/2020;29.8;20.7;12.4
25/07/2020;31.3;21.2;12.2
26/07/2020;30.2;20.3;11.9
27/07/2020;31;21;12.9
28/07/2020;31.4;22.5;13.9
29/07/2020;30.8;20.9;14.2
30/07/2020;26.5;18.2;12.7
31/07/2020;29.1;19.4;13.3
01/08/2020;27.7;18.5;11.2
02/08/2020;29.2;19;10.6
03/08/2020;28.2;19.1;11.3
04/08/2020;28.6;18.8;10.6
05/08/2020;29.3;19;10.2
06/08/2020;28.6;18.6;10.8
07/08/2020;27.6;19;10.4
08/08/2020;28.9;19.6;10.6
09/08/2020;30.1;20.7;11.7
10/08/2020;30.6;21.3;11
11/08/2020;32;21.5;12.3
12/08/2020;32.6;22.9;14.2
13/08/2020;34.4;24.7;16.2
14/08/2020;34.8;24;15.8
15/08/2020;34.1;25.2;18.4
16/08/2020;25.7;21;18.4
17/08/2020;20;18.5;16.8
18/08/2020;26.8;20.4;16.6
19/08/2020;33.7;22.4;16.2
20/08/2020;23.8;18.2;15.3
21/08/2020;16.2;12.8;12.9
22/08/2020;20.6;12.7;7
23/08/2020;25.5;15.6;7.8
24/08/2020;27;17.3;9.1
25/08/2020;27.6;17.2;8.7
26/08/2020;28.6;17.4;8.6
27/08/2020;31.5;19.8;8.7
28/08/2020;32.8;22.3;12.5
29/08/2020;33.4;23.9;13.7
30/08/2020;35;24.6;14.3
31/08/2020;34.9;24.1;15
01/09/2020;33.7;23.7;15.4
02/09/2020;32.4;23;14.8
03/09/2020;34;24.3;14.3
04/09/2020;35.1;25.6;15.5
05/09/2020;35.6;25.4;14.8
06/09/2020;34.9;25.2;14.8
07/09/2020;36.2;24.6;13.6
08/09/2020;35.8;25.1;14.8
09/09/2020;36.8;25.3;15.7
10/09/2020;38;27.6;17.2
11/09/2020;37;27.4;17
12/09/2020;37.5;28.2;18.6
13/09/2020;36.3;27;17.2
14/09/2020;34.9;25.8;16.2
15/09/2020;34.2;24.6;17.6
16/09/2020;35.3;24.7;14.4
17/09/2020;37.7;27.9;18.3
18/09/2020;35.3;26.2;18.3
19/09/2020;34.2;26.4;18.2
20/09/2020;29.2;23.4;19.5
21/09/2020;27;19.5;15.2
22/09/2020;24.4;17.9;13.6
23/09/2020;31.2;21.5;15.3
24/09/2020;32.6;23.2;14.5
25/09/2020;34.6;24.8;14.7
26/09/2020;38.4;27.2;15.3
27/09/2020;38.3;28.3;16.4
28/09/2020;39.1;29;20.2
29/09/2020;38.7;27.7;18.8
30/09/2020;41.7;29.7;18.6
01/10/2020;41.1;31.4;22
02/10/2020;41.3;32.3;22.4
03/10/2020;41.2;31.3;23.7
04/10/2020;38.9;27.3;19.7
05/10/2020;41.2;28.6;17.7
06/10/2020;40.5;32.1;24.1
07/10/2020;42.6;32.2;22.6
08/10/2020;35.5;27.8;21.3
09/10/2020;36;25.5;19.9
10/10/2020;27.2;21.8;17.7
11/10/2020;32.4;22.3;13.5
12/10/2020;33.7;23.6;14.2
13/10/2020;37.3;27;16
14/10/2020;38.7;29.4;20.3
15/10/2020;31.1;22.8;18.6
16/10/2020;24.3;20.4;16.5
17/10/2020;32.8;22.5;15.2
18/10/2020;33.6;23.5;15.3
19/10/2020;29.6;24;19
20/10/2020;29.5;21.8;19
21/10/2020;33.7;24;19.2
22/10/2020;34.4;25.1;18
23/10/2020;35.1;25.1;17.3
24/10/2020;26.5;22;19.8
25/10/2020;33.1;24.6;19.2
26/10/2020;32;24.2;17.4
27/10/2020;31.9;25;19.2
28/10/2020;34.7;26.6;17
29/10/2020;34.2;25;20.3
30/10/2020;24.7;21.1;19.9
31/10/2020;28.5;21.3;16.6
01/11/2020;28;20.2;14.4
02/11/2020;27.7;19.4;11.2
03/11/2020;29.1;20.6;11.1
04/11/2020;31.1;22;12.1
05/11/2020;32.6;22.4;12.9
06/11/2020;32.4;22.9;13.6
07/11/2020;35.7;24.3;13.1
08/11/2020;37.3;27.5;16.2
09/11/2020;38.2;28;19.9
10/11/2020;30.8;25;20
11/11/2020;33.7;26.4;20.2
12/11/2020;35.2;26.5;19
13/11/2020;35.9;25.9;20.2
14/11/2020;32.9;24.8;19.3
15/11/2020;35.4;27.2;19.6
16/11/2020;35;27.6;21
17/11/2020;35.2;25.4;21.5
18/11/2020;31.7;22.6;20
19/11/2020;27.5;21.5;18.8
20/11/2020;28.6;21.2;14
21/11/2020;30.5;22.1;14
22/11/2020;32.3;23.7;14.8
23/11/2020;32.7;24.3;15.1
24/11/2020;34.1;25.8;17.3
25/11/2020;35;27.1;18.8
26/11/2020;34.9;26.9;20.2
27/11/2020;35.5;26.3;19.1
28/11/2020;36.3;26.4;20.1
29/11/2020;36;27.5;19.8
30/11/2020;36.7;27.8;21
01/12/2020;35.7;26.6;20.2
02/12/2020;31.4;24.6;19.7
03/12/2020;31.1;24.4;19.5
04/12/2020;34.8;26.1;19.7
05/12/2020;34.7;26.6;22.2
06/12/2020;31;23.6;20.8
07/12/2020;27.6;22.6;20.5
08/12/2020;31.3;24.8;20.4
09/12/2020;32;24.9;20.1
10/12/2020;32.3;24.3;18.5
11/12/2020;26.7;22.8;20
12/12/2020;28.6;22.7;20.1
13/12/2020;31.9;25.1;20.5
14/12/2020;28.6;22.8;19.3
15/12/2020;32.2;25;19.7
16/12/2020;32.5;25.4;20.2
17/12/2020;33.4;24.9;20
18/12/2020;33.2;25.5;19.1
19/12/2020;33.3;25.6;21.2
20/12/2020;33.1;26.2;21.5
21/12/2020;34.9;27.1;21.5
22/12/2020;32.7;25.3;21.2
23/12/2020;31.8;24.6;18.7
24/12/2020;32;24.8;18.2
25/12/2020;32.3;24.2;17.3
26/12/2020;31.3;24;17.7
27/12/2020;30.7;23.6;20.3
28/12/2020;29.7;23.1;19.1
29/12/2020;31.3;23.2;19.7
30/12/2020;32.1;24.3;19.5
31/12/2020;29.4;23.5;21.4
01/01/2021;29.5;23.5;20.5
02/01/2021;30.3;23.1;20.3
03/01/2021;31.4;24;18.3
04/01/2021;32.2;24.3;17.5
05/01/2021;32;25.1;19.6
06/01/2021;32.4;25.1;21.9
07/01/2021;33.1;24.6;20.7
08/01/2021;31.8;25.2;20.6
09/01/2021;33.3;26.2;21
10/01/2021;33.3;25.9;20.7
11/01/2021;33.2;26.1;21.3
12/01/2021;32.5;25.6;22.2
13/01/2021;31.1;24.5;21.4
14/01/2021;32.6;24;20.9
15/01/2021;30.1;23.5;20.6
16/01/2021;29.2;23.6;20.4
17/01/2021;29.5;23.3;21
18/01/2021;31.9;24.2;20.8
19/01/2021;29.9;24.1;21.2
20/01/2021;33.3;26;20.5
21/01/2021;33.3;26.6;21.3
22/01/2021;33.9;26.5;20.2
23/01/2021;34.3;26.6;20.4
24/01/2021;33.9;25.6;20.1
25/01/2021;34;24.4;20.8
26/01/2021;34.3;24.6;19.3
27/01/2021;32.2;26;21
28/01/2021;32.5;24.6;20.4
29/01/2021;32.7;25.3;20.5
30/01/2021;35.1;25.6;19.8
31/01/2021;33.5;24.5;20.5
01/02/2021;32.4;24.4;19.4
02/02/2021;34.2;26.1;20.3
03/02/2021;34.3;26.5;20.2
04/02/2021;33.8;26.9;21.2
05/02/2021;31.1;25.9;22.5
06/02/2021;31.3;25.5;20.4
07/02/2021;31.3;24.1;17.7
08/02/2021;30.9;23.1;16.2
09/02/2021;31.8;23.3;15.4
10/02/2021;33.1;23.5;17.1
11/02/2021;24.9;20.7;17.9
12/02/2021;28.9;22.5;18.6
13/02/2021;30.1;23.7;20.1
14/02/2021;30.4;21.9;18.4
15/02/2021;30.2;23.1;18
16/02/2021;32.9;25.6;19.2
17/02/2021;31.4;24.4;21.6
18/02/2021;32;25;19.6
19/02/2021;33.2;25.8;17.8
20/02/2021;33.6;25.3;17.6
21/02/2021;34.3;25.3;18.7
22/02/2021;33.7;25.9;19.2
23/02/2021;35.4;26.8;20
24/02/2021;35.7;26.7;20
25/02/2021;32.3;23.9;18.9
26/02/2021;30.5;23.6;18.7
27/02/2021;31.4;22.4;17.7
28/02/2021;28.7;22.3;19.9
01/03/2021;30.3;23.2;19.2
02/03/2021;31.9;24.9;20.4
03/03/2021;26.5;22.4;20
04/03/2021;27.6;22.7;20.5
05/03/2021;26;21.6;19.3
06/03/2021;28.3;22.7;20.2
07/03/2021;30.9;23.1;20.6
08/03/2021;29.6;22.3;17.5
09/03/2021;31.9;23.8;19.1
10/03/2021;30.9;22.8;15.8
11/03/2021;32.8;25.4;20.2
12/03/2021;33.7;25.8;19.1
13/03/2021;33.7;25.1;17.5
14/03/2021;32.5;24.8;18.1
15/03/2021;32.5;24.5;18
16/03/2021;33.3;25.5;18.9
17/03/2021;33.1;25.5;20.4
18/03/2021;26.7;21.2;19.7
19/03/2021;31.1;23.8;18.6
20/03/2021;32.7;25.2;20.1
21/03/2021;33.5;26.2;21.5
22/03/2021;32.7;25.4;18.6
23/03/2021;33;25.5;19.2
24/03/2021;35.2;26;20.1
25/03/2021;34.4;26;19.6
26/03/2021;35.9;26.7;20.5
27/03/2021;34.5;25.3;20.3
28/03/2021;33.9;25.6;18.9
29/03/2021;34.9;26.7;19.5
30/03/2021;33.4;25.9;19.6
31/03/2021;31;23.5;17.2
01/04/2021;29.7;21.4;14.2
02/04/2021;30.1;21.1;14.2
03/04/2021;30.7;22;14.9
04/04/2021;31.8;23;15.9
05/04/2021;31.6;22.9;15.6
06/04/2021;28.9;21.7;18.8
07/04/2021;30.1;22;17.3
08/04/2021;31.8;22.9;16.3
09/04/2021;31.1;22.7;15.3
10/04/2021;31.5;22.2;14.3
11/04/2021;32.2;22.9;14
12/04/2021;32.9;23.6;13.9
13/04/2021;29.8;23.6;19.7
14/04/2021;30;21.7;15.4
15/04/2021;31.7;22.1;14.7
16/04/2021;31.9;23.3;16.4
17/04/2021;30;22.8;18.5
18/04/2021;24.1;20.2;17.9
19/04/2021;27;20.3;16.1
20/04/2021;27.1;20;14.5
21/04/2021;27.5;19.7;13.7
22/04/2021;27.3;19.7;14.7
23/04/2021;28.1;19.3;12.6
24/04/2021;28.5;19.8;12.8
25/04/2021;30.9;22.1;14.9
26/04/2021;30.9;23.5;17
27/04/2021;29.6;22;14.9
28/04/2021;28.9;20.6;13.6
29/04/2021;27.3;19.4;13.1
30/04/2021;28.9;19.7;12.6
01/05/2021;28.6;20.4;14.8
02/05/2021;29.2;20.1;13.1
03/05/2021;29.7;20.3;12.3
04/05/2021;31.3;21.4;12.6
05/05/2021;31.2;21.8;13
06/05/2021;32.4;22.7;14.7
07/05/2021;27.8;21.5;15.9
08/05/2021;28;19.3;12.8
09/05/2021;28.7;20;12.8
10/05/2021;28.8;20.5;13.8
11/05/2021;30.1;22.3;16.6
12/05/2021;29.2;21.3;15
13/05/2021;26.7;19;14.6
14/05/2021;28.3;18.8;11.9
15/05/2021;27.1;19.1;13.1
16/05/2021;27.8;19.7;13.3
17/05/2021;27.5;19.9;12.3
18/05/2021;27.9;19.7;12.3
19/05/2021;28.2;18.9;11.2
20/05/2021;30;19.4;9.3
21/05/2021;31.7;21.1;13.6
22/05/2021;23.1;17.5;15.1
23/05/2021;22.1;18.2;14.9
24/05/2021;21.4;15.8;10.6
25/05/2021;25.6;15.4;7.3
26/05/2021;28.1;18.6;10.5
27/05/2021;30.4;21.1;12.9
28/05/2021;32.4;22.3;14.5
29/05/2021;31.8;24.5;18
30/05/2021;31.2;21.5;15.8
31/05/2021;28.1;19.5;14.1
01/06/2021;28.4;19.4;13.3
02/06/2021;30.9;20.7;12.1
03/06/2021;31.1;21.2;12
04/06/2021;31.6;21.4;12.9
05/06/2021;31.2;21.7;14.5
06/06/2021;31.2;21.5;14.5
07/06/2021;27.2;19.4;14.7
08/06/2021;21.8;17.8;13.5
09/06/2021;29.3;20.3;14.3
10/06/2021;21.4;17.9;17.1
11/06/2021;22;18.2;15.7
12/06/2021;23.8;17.1;13.1
13/06/2021;24.8;16;8.6
14/06/2021;25.9;16.4;9.2
15/06/2021;27;17.7;11
16/06/2021;24.9;16.9;9.8
17/06/2021;24.2;16.4;10.8
18/06/2021;25.6;16.9;11.7
19/06/2021;30.1;19.8;12.7
20/06/2021;24.3;19.8;15.4
21/06/2021;25;17.5;11.3
22/06/2021;25.4;18.2;14.3
23/06/2021;25.4;18.1;13
24/06/2021;29.9;18.7;9.9
25/06/2021;30.9;21.7;14.5
26/06/2021;30.8;21.8;14.4
27/06/2021;29.4;21.8;16
28/06/2021;26.8;18.3;10.3
29/06/2021;18.4;12.7;11.1
30/06/2021;17.6;9.7;3.9
01/07/2021;23.7;11.3;1.9
02/07/2021;28;16.2;6.5
03/07/2021;27.5;18.4;8.5
04/07/2021;26.7;16.8;9.1
05/07/2021;26.5;16.9;9.3
06/07/2021;25.3;16.3;8.6
07/07/2021;25.7;16.2;8.6
08/07/2021;25.8;16.3;8.2
09/07/2021;28.7;17.1;8.2
10/07/2021;29;18.2;9.4
11/07/2021;28.6;18.4;8.6
12/07/2021;29.6;18.8;9.8
13/07/2021;29.6;19.2;9.5
14/07/2021;30;19.3;10.1
15/07/2021;31.2;20.9;10.7
16/07/2021;31.5;21.3;11.4
17/07/2021;30.1;21.5;14.4
18/07/2021;25.1;19.6;16.3
19/07/2021;19.6;12.2;4.2
20/07/2021;24.1;11.8;1.3
21/07/2021;26.6;15.2;5.9
22/07/2021;30.9;17.6;6.8
23/07/2021;29.8;18;7.9
24/07/2021;29.1;18.6;9.9
25/07/2021;29.8;19;10
26/07/2021;31.6;20.5;9.7
27/07/2021;32.6;22.2;12.2
28/07/2021;25.7;15.1;13.9
29/07/2021;16.3;9.2;3.2
30/07/2021;20.5;9.3;0
31/07/2021;25.3;13.6;3.7
01/08/2021;25.3;15.8;8.4
02/08/2021;26.3;17.6;9.9
03/08/2021;24.9;16.9;9.8
04/08/2021;27.2;16.9;8.3
05/08/2021;27.9;17.9;10
06/08/2021;28.1;19.4;11.4
07/08/2021;29.2;21.2;15.5
08/08/2021;29.6;21.6;14
09/08/2021;30.2;20.6;11.2
10/08/2021;32.1;21.5;11.2
11/08/2021;31.5;20.3;9.5
12/08/2021;29;19;11.6
13/08/2021;30.2;19.8;12.8
14/08/2021;29.8;19.8;11.5
15/08/2021;33.4;22.1;12.4
16/08/2021;34.7;23.9;17.1
17/08/2021;35;22.5;13.3
18/08/2021;35.3;25.4;15.8
19/08/2021;34;24.9;16.3
20/08/2021;33.3;24.5;16.4
21/08/2021;32.7;23.1;13.9
22/08/2021;33.4;23.1;12.6
23/08/2021;35.1;24.6;14.8
24/08/2021;36.3;26.3;17.1
25/08/2021;36.6;26.3;15.4
26/08/2021;33.3;26.1;19
27/08/2021;27.2;21.7;19.5
28/08/2021;22.6;17.5;14.9
29/08/2021;25.9;19.3;14.9
30/08/2021;29.7;21.2;13.6
31/08/2021;31.2;21.3;12.7
01/09/2021;31.5;21.4;13.3
02/09/2021;32.1;22.75;13.4
03/09/2021;34.7;24;13.4
04/09/2021;36;25.2;14.4
05/09/2021;35.8;25;15.1
06/09/2021;35.7;25.3;15.5
07/09/2021;37.7;24.8;14.2
08/09/2021;38.8;29;19.2
09/09/2021;31.5;25.9;20.2
10/09/2021;30.2;22.9;18.9
11/09/2021;32.8;22.6;16.4
12/09/2021;37.3;25.5;16.1
13/09/2021;38.8;28.7;20.1
14/09/2021;36.9;27.9;20.8
15/09/2021;33.6;25.4;19.6
16/09/2021;30.8;22.7;18.2
17/09/2021;35.9;25.2;17.5
18/09/2021;37.1;26.7;17.3
19/09/2021;38.6;28.3;18.8
20/09/2021;39.8;30.25;20.7
21/09/2021;40;30.4;21
22/09/2021;27.9;21.3;16.7
23/09/2021;31.2;20.4;13.1
24/09/2021;34.1;22.3;12.4
25/09/2021;33.6;24.3;16.6
26/09/2021;36.3;23.3;17.4
27/09/2021;32.8;24.8;16.8
28/09/2021;37;27;17.5
29/09/2021;37.6;26.9;18.2
30/09/2021;34.7;24.9;17.4
01/10/2021;35.5;25.95;16.4
02/10/2021;26.8;20.8;17.3
03/10/2021;36.6;23.6;17.1
04/10/2021;32.1;22.5;17.4
05/10/2021;33;24.5;18.4
06/10/2021;35.9;25.1;16.7
07/10/2021;29.5;23.6;20.5
08/10/2021;32.8;22.9;15.7
09/10/2021;34.3;23.7;16.6
10/10/2021;24.4;20.6;16.8
11/10/2021;29.5;22.1;17.2
12/10/2021;32.2;24.25;16.3
13/10/2021;34.4;25;16.4
14/10/2021;31.7;21.8;18.6
15/10/2021;34.1;24.5;17.8
16/10/2021;30.4;24.1;20
17/10/2021;29.8;23.6;18.4
18/10/2021;25.9;20.4;17.4
19/10/2021;27;21.7;16.4
20/10/2021;27.1;19.1;12.7
21/10/2021;28.8;20.1;12.6
22/10/2021;31.1;22.1;13.3
23/10/2021;36.2;24.9;14.1
24/10/2021;28.5;21.8;18
25/10/2021;29.5;23.55;17.6
26/10/2021;32.8;23.6;17.7
27/10/2021;29;24.05;19.1
28/10/2021;29.5;23.9;20.3
29/10/2021;33.6;25.1;18.4
30/10/2021;33.8;25.5;17.2
31/10/2021;23.4;20.7;18.7
01/11/2021;27.7;22.2;18.4
02/11/2021;31;23.2;16.7
03/11/2021;31.9;24.2;17.3
04/11/2021;34.7;25.5;16.8
05/11/2021;35.9;26.9;19.1
06/11/2021;35.3;27.85;20.4
07/11/2021;34.7;26.7;19.1
08/11/2021;34.6;25.5;17.6
09/11/2021;34.2;26.45;18.7
10/11/2021;34.9;23.8;17.6
11/11/2021;26.2;21.8;18.9
12/11/2021;30.8;22.2;17.5
13/11/2021;29.8;22.25;14.7
14/11/2021;33.1;22.9;13.1
15/11/2021;33.5;24.6;15.8
16/11/2021;34.7;25.3;17.6
17/11/2021;35.1;27.5;19.9
18/11/2021;29.1;23.6;21.1
19/11/2021;27.8;23.1;20.3
20/11/2021;30.5;23.6;18.4
21/11/2021;30.9;22.3;15.1
22/11/2021;34.2;24;13.8
23/11/2021;36.3;26.2;16.5
24/11/2021;35.5;25.8;17.5
25/11/2021;35.3;26.7;18.7
26/11/2021;28.5;22.8;19.5
27/11/2021;31.7;24.7;19
28/11/2021;33.8;25.7;17
29/11/2021;32.7;26.9;21.1
30/11/2021;28.9;22.6;20.4
01/12/2021;32.6;25.3;20.3
02/12/2021;32.6;25.3;18.6
03/12/2021;32.5;24.9;18.1
04/12/2021;33.2;24.9;17.4
05/12/2021;32;25.05;18.1
06/12/2021;31.3;24.3;19.9
07/12/2021;26.9;22;18.2
08/12/2021;28.5;21.3;15
09/12/2021;29.7;21.5;14.7
10/12/2021;31;23;15
11/12/2021;34.1;24.9;15.5
12/12/2021;36.7;26.7;18.4
13/12/2021;31;27.1;23.2
14/12/2021;31.1;24.9;21.7
15/12/2021;27.4;23.4;21.7
16/12/2021;30.7;24.1;21.8
17/12/2021;27.6;24.2;22.5
18/12/2021;29.7;24.1;20.6
19/12/2021;30.6;23.7;17.7
20/12/2021;33.4;23.8;16.1
21/12/2021;34.4;26;18.4
22/12/2021;35.2;27.2;20.3
23/12/2021;29.4;24.3;20.4
24/12/2021;30.2;21.9;13.3
25/12/2021;32.5;23;15.1
26/12/2021;35.4;25.7;17.4
27/12/2021;36.1;27.2;18.9
28/12/2021;35.8;27.8;19.8
29/12/2021;30.6;23.5;19
30/12/2021;27.4;23.5;19.6
31/12/2021;30.4;23;19.2
